Time,State
338357.2274528,start
338693.1752957,end
