Time,State
336921.6428949,start
337349.4859455,end
