Time,State
339283.6532574,start
339611.1671581,end
