Time,State
337467.8066615,start
337977.5999696,end
