Time,State
338951.0696841,start
339212.9754169,end
