Time,State
336457.8705411,start
336802.7875354,end
