Time,State
335510.7275741,start
335973.4287393,end
Time,State
338922.5020134,start
338922.5022636,end
