Time,State
342120.3259928,start
342370.4015643,end
