Time,State
342512.9017715,start
342742.2946315,end
