Time,State
342826.3739173,start
343045.1234212,end
