Time,State
341192.1321657,start
341836.5252566,end
