Time,State
340655.9576224,start
341077.7080381,end
