Time,State
339720.0763693,start
340001.5198936,end
