Time,State
336419.7960252,start
336425.9386677,end
