Time,State
336157.3180014,start
336161.7547337,end
