Time,State
347009.8853671,start
347311.072419,end
