Time,State
346176.9664868,start
346576.2896465,end
