Time,State
344337.3777387,start
344824.1623473,end
