Time,State
344954.3771118,start
345438.9190155,end
