Time,State
345621.6866492,start
346036.2718212,end
