Time,State
348780.1005473,start
349046.4797593,end
