Time,State
350070.0219896,start
350803.0448018,end
