Time,State
349649.9258469,start
350016.7329849,end
