Time,State
351385.0520234,start
351630.1276953,end
