Time,State
349102.057728,start
349605.1033086,end
Time,State
0,end
