Time,State
351247.0369537,start
351285.6976193,end
