Time,State
351319.979287,start
351336.7893347,end
