Time,State
1657188254,start
1941430.0766301,end
Time,State
1943846.7422684,start
1943869.8009867,end
Time,State
1943907.340057,start
1943946.5851148,end
Time,State
0,end
