Time,State
1943604.448258,start
1943635.891997,end
