Time,State
1657188336,start
1941547.2734532,end
Time,State
1941683.5345208,start
1941709.3234215,end
