Time,State
1943487.2973296,start
1943546.7259482,end
