Time,State
3943.5532518,start
4403.4267268,end
