Time,State
5319.126445,start
5586.6746874,end
