Time,State
5827.214718,start
5952.2639424,end
