Time,State
2814.0970289,start
3344.3662265,end
