Time,State
4734.3039555,start
5092.5782206,end
