Time,State
9602.8805027,start
9894.5112799,end
