Time,State
10238.9590525,start
10679.8194006,end
