Time,State
7701.6215901,start
8199.567092,end
