Time,State
7701.6215901,start
8199.567092,end
Time,State
13675.2122224,start
13836.8711957,end
Time,State
13957.4331062,start
13994.485102,end
Time,State
14009.0134673,start
14035.3870154,end
Time,State
0,end
