Time,State
11064.5199037,start
11217.1103958,end
