Time,State
197673.0539894,start
198160.422337,end
