Time,State
195915.1223845,start
196455.6778728,end
