Time,State
197263.7836277,start
197475.6573432,end
