Time,State
195057.2401656,start
195648.7423305,end
