Time,State
196609.2943627,start
197080.3307864,end
