Time,State
199036.7731365,start
199586.3489577,end
Time,State
0,end
