Time,State
199913.2778937,start
200539.7346131,end
