Time,State
200813.6203354,start
201352.3763715,end
