Time,State
201620.410009,start
202194.0721838,end
