Time,State
202481.8006277,start
202955.1784188,end
