Time,State
139975.5075596,start
140646.572051,end
