Time,State
141270.2033829,start
142007.0309222,end
