Time,State
142339.6619644,start
142671.0750938,end
