Time,State
143915.4076228,start
144351.6364796,end
