Time,State
143002.3884909,start
143564.444992,end
