Time,State
424910.6350777,start
425563.9537081,end
