Time,State
428160.7621608,start
428418.2189308,end
