Time,State
426886.9228908,start
427273.8628502,end
