Time,State
426115.8205958,start
426551.0243908,end
