Time,State
423504.1055496,start
423998.7870788,end
Time,State
0,end
