Time,State
1007645.4432373,start
1007915.2361279,end
