Time,State
1005312.5872542,start
1005644.0483563,end
