Time,State
1006846.9908561,start
1007139.6459656,end
