Time,State
1006155.4526185,start
1006393.7491461,end
