Time,State
1003855.1613219,start
1004553.9660563,end
