Time,State
1012234.6624279,start
1012585.137631,end
