Time,State
1013754.5405615,start
1014266.0883945,end
