Time,State
1010088.284175,start
1010710.2045946,end
