Time,State
1013051.7868969,start
1013319.3348185,end
