Time,State
1011304.1946814,start
1011750.0249215,end
