Time,State
1038612.3624569,start
1038884.3486339,end
