Time,State
1040422.0669345,start
1040770.3464145,end
