Time,State
1041303.2014301,start
1041819.6253767,end
