Time,State
1039490.5710615,start
1039774.3054682,end
