Time,State
1037370.126493,start
1037747.6100495,end
