Time,State
1266226.0282064,start
1266548.5194247,end
