Time,State
1262747.8544103,start
1263239.6621434,end
