Time,State
1265065.1094334,start
1265626.4830906,end
