Time,State
1264010.7138559,start
1264590.6621482,end
