Time,State
1266906.8423549,start
1267362.2798558,end
