Time,State
1271716.5678563,start
1272054.8031361,end
