Time,State
1273122.6556245,start
1273372.8013667,end
