Time,State
1272390.2149212,start
1272759.7981849,end
