Time,State
1269617.2782034,start
1270200.6386082,end
