Time,State
1270712.1385384,start
1271312.8061958,end
