Time,State
1280081.9468938,start
1280595.8349355,end
