Time,State
1281507.5866626,start
1281793.7087925,end
