Time,State
1280824.1864856,start
1281213.5646613,end
