Time,State
1281992.2234491,start
1282278.2973315,end
