Time,State
1279070.3535008,start
1279652.1534976,end
