Time,State
1288256.8871652,start
1288648.9949922,end
