Time,State
1290214.0142946,start
1290481.6122978,end
