Time,State
1287362.345158,start
1287766.0075543,end
