Time,State
1289446.1297271,start
1289909.9510225,end
