Time,State
1288946.3785725,start
1289098.2881072,end
