Time,State
1294286.6630288,start
1294747.7534915,end
