Time,State
1297496.801415,start
1297933.0778439,end
