Time,State
1295944.7970079,start
1296522.4540741,end
