Time,State
1295274.4638749,start
1295558.3464077,end
