Time,State
1296796.1927427,start
1297078.318586,end
