Time,State
1348502.2180375,start
1348809.548027,end
