Time,State
1350751.8547371,start
1351240.9292362,end
