Time,State
1351630.2090055,start
1352200.0658311,end
