Time,State
1350096.7321161,start
1350445.5986197,end
