Time,State
1349176.9876557,start
1349780.4819489,end
