Time,State
148310.3654843,start
148661.4227319,end
