Time,State
149202.6609593,start
149537.5345068,end
