Time,State
146313.6983258,start
146882.433141,end
