Time,State
149929.5940608,start
150383.8625888,end
