Time,State
147494.8974124,start
147776.4867445,end
