Time,State
1355292.6155077,start
1355952.2717511,end
