Time,State
1356526.1247514,start
1357063.4637975,end
