Time,State
1357484.1398941,start
1358026.5487522,end
