Time,State
1358386.0931114,start
1358711.4098624,end
