Time,State
1358976.1808062,start
1359470.9575075,end
