Time,State
1369262.2364335,start
1369574.1479118,end
