Time,State
1370497.3054776,start
1370721.1234724,end
