Time,State
1367711.4030447,start
1368168.545617,end
