Time,State
1368465.2964611,start
1369014.334775,end
