Time,State
1369809.1317067,start
1370266.2235264,end
