Time,State
1372468.5719417,start
1372698.825878,end
