Time,State
1384730.752203,start
1385196.9642291,end
