Time,State
1383943.3174054,start
1384308.4184565,end
