Time,State
1379907.1331008,start
1380369.2978054,end
