Time,State
1381432.7625221,start
1381684.1253378,end
