Time,State
1382163.0109769,start
1382349.827477,end
