Time,State
1445934.5833729,start
1446253.126264,end
