Time,State
1445073.6322244,start
1445563.8284892,end
