Time,State
1442091.6998538,start
1442450.6085538,end
