Time,State
1444164.466647,start
1444603.0362554,end
