Time,State
1443213.8618008,start
1443612.6000374,end
