Time,State
1457257.7001286,start
1457564.4952799,end
