Time,State
1454870.0976923,start
1455415.8211998,end
