Time,State
1455827.4798014,start
1456188.2394529,end
