Time,State
1453948.6450817,start
1454290.7339233,end
