Time,State
1456676.143581,start
1456956.5624545,end
