Time,State
1462353.8404565,start
1462831.1159292,end
