Time,State
1461789.540624,start
1462059.3806653,end
