Time,State
1461010.4432915,start
1461482.2110834,end
