Time,State
1463011.8381759,start
1463289.3825637,end
