Time,State
1460078.8515217,start
1460616.1433101,end
