Time,State
1467606.5756128,start
1468137.0909213,end
