Time,State
1468816.8820625,start
1469282.45551,end
