Time,State
1523632.0117479,start
1523936.0260634,end
