Time,State
1522528.2791704,start
1523137.4289169,end
