Time,State
1521207.4086245,start
1521778.9694907,end
