Time,State
1524276.5083379,start
1524471.1241962,end
