Time,State
1524804.8741607,start
1525184.5033567,end
