Time,State
1529735.0175091,start
1530218.4372114,end
