Time,State
1530519.6219215,start
1530674.4085826,end
