Time,State
1531790.4260176,start
1532071.479945,end
