Time,State
1528756.2812733,start
1529356.9482508,end
