Time,State
1531015.4729713,start
1531429.3735853,end
