Time,State
167500.9963168,start
168021.46806,end
