Time,State
163978.460921,start
164518.9672486,end
