Time,State
168469.1032373,start
169116.3282782,end
