Time,State
165279.9778704,start
165951.9187948,end
