Time,State
166505.4944113,start
167100.503546,end
