Time,State
1540734.8720049,start
1541195.9142652,end
