Time,State
1539970.8893357,start
1540257.4982898,end
