Time,State
1542042.8737604,start
1542509.5238815,end
