Time,State
1538904.1073708,start
1539380.3122643,end
