Time,State
1541552.6313949,start
1541713.6064016,end
