Time,State
1549452.0745606,start
1549852.0311959,end
