Time,State
1548540.5695813,start
1548987.1318396,end
