Time,State
1547460.8699881,start
1547947.750309,end
