Time,State
1551139.2657281,start
1551600.9436369,end
