Time,State
1550281.1415905,start
1550771.9748925,end
