Time,State
1555218.0573917,start
1555557.8557871,end
