Time,State
1556290.3954359,start
1556893.4519309,end
