Time,State
1558130.129744,start
1558356.7756331,end
