Time,State
1553416.3010859,start
1553813.4308442,end
