Time,State
1557398.175189,start
1557793.598739,end
