Time,State
3990.6852454,start
4407.3642711,end
