Time,State
3400.110248,start
3716.8971281,end
