Time,State
1729.7390971,start
2278.8285764,end
