Time,State
2496.4543316,start
3115.6938372,end
