Time,State
608.0789105,start
1211.0237354,end
