Time,State
6683.0833446,start
7371.8429181,end
