Time,State
5257.248949,start
6013.3350914,end
