Time,State
8730.9863034,start
9070.2958708,end
