Time,State
7951.8880607,start
8311.4790223,end
