Time,State
9439.9771284,start
9697.9723871,end
