Time,State
14775.0957769,start
14984.7264901,end
