Time,State
11695.2215308,start
12210.0855404,end
