Time,State
13908.9765024,start
14313.3698766,end
