Time,State
12981.2849845,start
13327.4223885,end
