Time,State
15513.6311897,start
16015.0890481,end
