Time,State
1391.1706839,start
1537.9120087,end
