Time,State
219.6720797,start
531.0477825,end
