Time,State
865.920964,start
1114.165386,end
