Time,State
22781.5125687,start
22798.9162459,end
