Time,State
6492.925288,start
7091.8860394,end
