Time,State
4371.5525585,start
4909.5237611,end
