Time,State
5950.5146664,start
6250.5320622,end
