Time,State
7320.7737833,start
7602.3633941,end
