Time,State
5400.8412762,start
5691.8881939,end
