Time,State
14018.2100753,start
14657.6351925,end
