Time,State
15137.7874309,start
15505.7151331,end
