Time,State
15879.2979997,start
16227.6286249,end
