Time,State
12031.4873204,start
12481.3178691,end
