Time,State
13161.2055003,start
13591.8766714,end
