Time,State
177136.5490839,start
177605.9787221,end
