Time,State
173966.9475151,start
174460.6536516,end
