Time,State
176152.062223,start
176757.3599349,end
