Time,State
175009.7910766,start
175614.4078743,end
