Time,State
172543.2096472,start
173133.3471318,end
