Time,State
261392.7642899,start
261852.1001034,end
