Time,State
257706.4294231,start
258416.3986612,end
