Time,State
259972.0563366,start
260116.3597748,end
