Time,State
260866.2497904,start
261119.0739295,end
