Time,State
258981.670333,start
259586.1881602,end
