Time,State
314325.4928252,start
314842.5498691,end
