Time,State
315748.3028753,start
315958.031439,end
