Time,State
315154.9486607,start
315391.0059116,end
