Time,State
313264.6117431,start
313830.3228794,end
