Time,State
311900.5444273,start
312717.7185972,end
