Time,State
321727.5750579,start
322187.4464221,end
