Time,State
322622.603759,start
322861.5331332,end
