Time,State
323163.2567286,start
323623.7132721,end
