Time,State
320760.1489826,start
321221.142825,end
