Time,State
319510.0153815,start
320059.0546436,end
