Time,State
340663.7800175,start
341180.7901461,end
