Time,State
339807.8504472,start
340186.5035522,end
