Time,State
337584.1485647,start
338267.2059342,end
