Time,State
338860.1224781,start
339369.2821589,end
