Time,State
341566.1216313,start
341884.7139881,end
