Time,State
419642.1592835,start
420043.1404304,end
