Time,State
417745.6795064,start
418181.3219863,end
