Time,State
420403.8044978,start
420956.1585197,end
