Time,State
418698.4282673,start
419287.2001305,end
