Time,State
416731.2111941,start
417063.7426274,end
